	space	simu	simulation	kraken2 + bracken	metaphlan3	motus3	metaphlan4
SAMEA2466887	gtdb207	refKrak	473	677	186	435	424
SAMEA2466888	gtdb207	refKrak	428	626	141	388	373
SAMEA2466889	gtdb207	refKrak	890	892	206	668	578
SAMEA2466890	gtdb207	refKrak	689	784	192	561	517
SAMEA2466891	gtdb207	refKrak	451	719	168	407	404
SAMEA2466892	gtdb207	refKrak	436	599	170	411	393
SAMEA2466893	gtdb207	refKrak	320	563	136	300	296
SAMEA2466894	gtdb207	refKrak	375	610	146	347	343
SAMEA2466895	gtdb207	refKrak	512	657	143	394	365
SAMEA2466896	gtdb207	refKrak	297	485	122	271	263
SAMEA2466897	gtdb207	refKrak	535	688	176	473	454
SAMEA2466898	gtdb207	refKrak	486	725	154	447	429
SAMEA2466899	gtdb207	refKrak	622	779	192	534	513
SAMEA2466900	gtdb207	refKrak	508	631	141	413	368
SAMEA2466901	gtdb207	refKrak	379	590	154	357	354
SAMEA2466902	gtdb207	refKrak	496	653	170	425	409
SAMEA2466903	gtdb207	refKrak	672	788	187	555	555
SAMEA2466904	gtdb207	refKrak	637	820	200	550	542
SAMEA2466905	gtdb207	refKrak	436	653	161	393	389
SAMEA2466906	gtdb207	refKrak	412	656	156	386	372
SAMEA2466907	gtdb207	refKrak	298	465	119	262	248
SAMEA2466908	gtdb207	refKrak	403	626	148	370	356
SAMEA2466910	gtdb207	refKrak	715	808	198	585	550
SAMEA2466911	gtdb207	refKrak	549	727	177	479	487
SAMEA2466912	gtdb207	refKrak	436	580	153	375	366
SAMEA2466913	gtdb207	refKrak	717	817	187	559	499
SAMEA2466914	gtdb207	refKrak	496	603	179	417	415
SAMEA2466915	gtdb207	refKrak	343	520	123	326	293
SAMEA2466916	gtdb207	refKrak	434	604	162	373	346
SAMEA2466917	gtdb207	refKrak	242	376	90	182	170
SAMEA2466918	gtdb207	refKrak	522	661	175	451	431
SAMEA2466921	gtdb207	refKrak	450	634	165	392	398
SAMEA2466922	gtdb207	refKrak	316	508	97	286	280
SAMEA2466923	gtdb207	refKrak	285	646	126	263	251
SAMEA2466924	gtdb207	refKrak	474	543	135	363	308
SAMEA2466925	gtdb207	refKrak	690	812	191	592	569
SAMEA2466926	gtdb207	refKrak	243	487	128	227	214
SAMEA2466927	gtdb207	refKrak	722	796	192	541	500
SAMEA2466928	gtdb207	refKrak	569	603	138	409	350
SAMEA2466930	gtdb207	refKrak	444	679	169	422	411
SAMEA2466931	gtdb207	refKrak	677	773	178	544	503
SAMEA2466932	gtdb207	refKrak	776	854	203	617	569
SAMEA2466933	gtdb207	refKrak	491	659	158	410	370
SAMEA2466934	gtdb207	refKrak	537	747	180	483	470
SAMEA2466935	gtdb207	refKrak	524	659	165	446	425
SAMEA2466936	gtdb207	refKrak	471	555	123	339	292
SAMEA2466937	gtdb207	refKrak	582	776	173	495	478
SAMEA2466938	gtdb207	refKrak	582	720	196	482	442
SAMEA2466939	gtdb207	refKrak	575	762	155	509	498
SAMEA2466940	gtdb207	refKrak	743	1022	208	602	538
SAMEA2466941	gtdb207	refKrak	437	615	159	353	341
SAMEA2466942	gtdb207	refKrak	610	817	186	552	539
SAMEA2466943	gtdb207	refKrak	423	655	156	390	376
SAMEA2466944	gtdb207	refKrak	369	613	149	300	302
SAMEA2466945	gtdb207	refKrak	535	731	185	466	457
SAMEA2466946	gtdb207	refKrak	784	747	154	519	416
SAMEA2466947	gtdb207	refKrak	516	705	166	459	449
SAMEA2466948	gtdb207	refKrak	442	647	153	384	384
SAMEA2466949	gtdb207	refKrak	466	643	166	407	424
SAMEA2466950	gtdb207	refKrak	348	546	125	318	313
SAMEA2466951	gtdb207	refKrak	526	728	193	464	475
SAMEA2466952	gtdb207	refKrak	407	583	142	372	359
SAMEA2466953	gtdb207	refKrak	473	623	164	431	428
SAMEA2466954	gtdb207	refKrak	437	598	135	368	355
SAMEA2466955	gtdb207	refKrak	885	911	202	653	598
SAMEA2466956	gtdb207	refKrak	221	440	100	201	200
SAMEA2466957	gtdb207	refKrak	642	695	184	490	438
SAMEA2466958	gtdb207	refKrak	438	582	161	372	349
SAMEA2466959	gtdb207	refKrak	527	692	182	482	473
SAMEA2466960	gtdb207	refKrak	634	770	187	494	460
SAMEA2466961	gtdb207	refKrak	460	637	165	417	393
SAMEA2466962	gtdb207	refKrak	513	779	169	457	447
SAMEA2466963	gtdb207	refKrak	477	712	165	431	416
SAMEA2466964	gtdb207	refKrak	678	872	185	592	580
SAMEA2466965	gtdb207	refKrak	698	809	190	565	507
SAMEA2466966	gtdb207	refKrak	523	655	157	400	367
SAMEA2466967	gtdb207	refKrak	430	626	144	380	381
SAMEA2466968	gtdb207	refKrak	622	666	164	489	450
SAMEA2466969	gtdb207	refKrak	318	511	124	287	286
SAMEA2466970	gtdb207	refKrak	570	735	159	467	403
SAMEA2466971	gtdb207	refKrak	416	600	157	388	385
SAMEA2466972	gtdb207	refKrak	665	852	212	584	560
SAMEA2466973	gtdb207	refKrak	478	681	147	436	414
SAMEA2466974	gtdb207	refKrak	557	750	198	502	500
SAMEA2466975	gtdb207	refKrak	359	586	162	323	325
SAMEA2466976	gtdb207	refKrak	500	726	176	461	451
SAMEA2466977	gtdb207	refKrak	624	927	185	531	509
SAMEA2466979	gtdb207	refKrak	708	789	205	555	524
SAMEA2466980	gtdb207	refKrak	420	772	164	376	376
SAMEA2466981	gtdb207	refKrak	594	696	166	454	407
SAMEA2466983	gtdb207	refKrak	291	544	107	263	268
SAMEA2466984	gtdb207	refKrak	784	898	233	672	633
SAMEA2466986	gtdb207	refKrak	613	822	200	542	523
SAMEA2466987	gtdb207	refKrak	556	535	121	352	278
SAMEA2466988	gtdb207	refKrak	602	806	174	527	523
SAMEA2466989	gtdb207	refKrak	427	637	140	380	365
SAMEA2466991	gtdb207	refKrak	425	629	159	378	374
SAMEA2466992	gtdb207	refKrak	637	748	184	524	488
SAMEA2466993	gtdb207	refKrak	584	761	173	510	495
SAMEA2466995	gtdb207	refKrak	626	745	196	531	514
SAMEA2466996	gtdb207	refKrak	608	782	209	533	513
SAMEA2466997	gtdb207	refKrak	624	752	164	499	464
SAMEA2466998	gtdb207	refKrak	310	494	129	266	261
SAMEA2466999	gtdb207	refKrak	444	671	152	373	355
SAMEA2467001	gtdb207	refKrak	241	471	107	202	200
SAMEA2467002	gtdb207	refKrak	377	599	119	348	325
SAMEA2467003	gtdb207	refKrak	615	696	176	484	435
SAMEA2467004	gtdb207	refKrak	505	640	174	423	409
SAMEA2467006	gtdb207	refKrak	379	580	141	349	350
SAMEA2467008	gtdb207	refKrak	438	633	170	394	366
SAMEA2467009	gtdb207	refKrak	195	357	63	164	145
SAMEA2467010	gtdb207	refKrak	332	459	130	306	296
SAMEA2467011	gtdb207	refKrak	416	571	144	348	320
SAMEA2467012	gtdb207	refKrak	607	745	177	516	487
SAMEA2467013	gtdb207	refKrak	612	713	204	503	485
SAMEA2467014	gtdb207	refKrak	541	721	171	467	443
SAMEA2467015	gtdb207	refKrak	574	704	185	495	482
SAMEA2467016	gtdb207	refKrak	577	745	203	481	470
SAMEA2467017	gtdb207	refKrak	602	757	202	496	493
SAMEA2467018	gtdb207	refKrak	476	649	161	406	392
SAMEA2467019	gtdb207	refKrak	650	818	201	569	565
SAMEA2467020	gtdb207	refKrak	551	678	189	499	481
SAMEA2467021	gtdb207	refKrak	570	737	186	488	477
SAMEA2467022	gtdb207	refKrak	625	757	194	536	533
SAMEA2467023	gtdb207	refKrak	406	560	149	354	336
SAMEA2467024	gtdb207	refKrak	457	670	143	408	396
SAMEA2467025	gtdb207	refKrak	571	763	181	505	492
SAMEA2467026	gtdb207	refKrak	644	777	186	516	480
SAMEA2467027	gtdb207	refKrak	594	881	176	539	517
SAMEA2467028	gtdb207	refKrak	544	690	166	473	452
SAMEA2467029	gtdb207	refKrak	593	765	186	526	515
SAMEA2467030	gtdb207	refKrak	519	656	160	442	431
SAMEA2467031	gtdb207	refKrak	517	663	155	456	451
SAMEA2467032	gtdb207	refKrak	294	406	102	233	225
SAMEA2467033	gtdb207	refKrak	420	591	159	358	307
SAMEA2467034	gtdb207	refKrak	555	672	188	494	485
SAMEA2467035	gtdb207	refKrak	736	842	223	612	583
SAMEA2467036	gtdb207	refKrak	692	829	205	596	565
SAMEA2467037	gtdb207	refKrak	507	639	156	411	393
SAMEA2467038	gtdb207	refKrak	392	514	119	286	263
SAMEA2467039	gtdb207	refKrak	735	850	189	620	594
SAMEA2467040	gtdb207	refKrak	540	686	170	436	412
SAMEA2467041	gtdb207	refKrak	478	648	169	407	398
SAMEA2467042	gtdb207	refKrak	620	793	199	512	491
SAMEA2467043	gtdb207	refKrak	466	616	144	376	338
SAMEA2467044	gtdb207	refKrak	563	710	171	488	490
SAMEA2467045	gtdb207	refKrak	532	649	166	433	405
SAMEA2467046	gtdb207	refKrak	563	745	183	514	505
SAMEA2467047	gtdb207	refKrak	392	523	122	331	288
SAMEA2467048	gtdb207	refKrak	480	611	166	393	363
SAMEA2467049	gtdb207	refKrak	598	723	162	498	458
SAMEA2467050	gtdb207	refKrak	616	791	179	533	519
SAMEA2467051	gtdb207	refKrak	537	668	158	444	408
SAMEA2467052	gtdb207	refKrak	456	615	142	406	393
SAMEA2467053	gtdb207	refKrak	459	603	132	388	376
SAMEA2467054	gtdb207	refKrak	613	808	194	530	519
SAMEA2467055	gtdb207	refKrak	634	832	182	557	546
SAMEA2467056	gtdb207	refKrak	501	679	161	434	408
SAMEA2467057	gtdb207	refKrak	418	545	133	368	361
SAMEA2467058	gtdb207	refKrak	405	584	140	354	348
SAMEA2467059	gtdb207	refKrak	418	548	125	315	296
SAMEA2467060	gtdb207	refKrak	551	667	155	478	445
SAMEA2467061	gtdb207	refKrak	732	852	210	614	590
SAMEA2467062	gtdb207	refKrak	557	755	173	474	456
SAMEA2467063	gtdb207	refKrak	541	705	173	461	449
SAMEA2467064	gtdb207	refKrak	383	647	140	353	338
SAMEA2467065	gtdb207	refKrak	565	711	169	487	480
SAMEA2467066	gtdb207	refKrak	594	719	180	469	430
SAMEA2467067	gtdb207	refKrak	611	704	200	517	488
SAMEA2467068	gtdb207	refKrak	473	556	125	310	270
SAMEA2467069	gtdb207	refKrak	480	579	139	387	362
SAMEA2467070	gtdb207	refKrak	489	653	160	429	396
SAMEA2467071	gtdb207	refKrak	649	674	165	464	385
SAMEA2467072	gtdb207	refKrak	671	793	181	570	548
SAMEA2467073	gtdb207	refKrak	430	674	152	397	390
SAMEA2467074	gtdb207	refKrak	609	781	171	534	506
SAMEA2467075	gtdb207	refKrak	551	715	159	477	454
SAMEA2467076	gtdb207	refKrak	532	717	186	464	452
SAMEA2467077	gtdb207	refKrak	583	762	160	492	466
SAMEA2467078	gtdb207	refKrak	593	735	192	509	509
SAMEA2467079	gtdb207	refKrak	414	507	129	345	312
SAMEA2467080	gtdb207	refKrak	616	766	174	529	495
SAMEA2467081	gtdb207	refKrak	597	681	150	433	369
SAMEA2467082	gtdb207	refKrak	462	546	106	310	254
SAMEA2467083	gtdb207	refKrak	755	835	165	546	468
SAMEA2467084	gtdb207	refKrak	658	643	151	438	355
SAMEA2467085	gtdb207	refKrak	704	636	135	393	313
SAMEA3136623	gtdb207	refKrak	286	506	92	259	249
SAMEA3136624	gtdb207	refKrak	373	542	139	335	324
SAMEA3136625	gtdb207	refKrak	431	843	163	410	363
SAMEA3136626	gtdb207	refKrak	344	453	94	299	288
SAMEA3136627	gtdb207	refKrak	583	800	181	513	515
SAMEA3136628	gtdb207	refKrak	328	825	112	293	258
SAMEA3136629	gtdb207	refKrak	477	846	182	430	414
SAMEA3136630	gtdb207	refKrak	525	673	133	477	456
SAMEA3136631	gtdb207	refKrak	393	556	138	339	346
SAMEA3136632	gtdb207	refKrak	578	851	172	506	483
SAMEA3136633	gtdb207	refKrak	295	642	99	242	215
SAMEA3136634	gtdb207	refKrak	472	636	145	430	423
SAMEA3136635	gtdb207	refKrak	309	511	113	268	244
SAMEA3136636	gtdb207	refKrak	301	433	102	259	247
SAMEA3136637	gtdb207	refKrak	380	800	125	350	312
SAMEA3136638	gtdb207	refKrak	481	632	154	424	401
SAMEA3136639	gtdb207	refKrak	273	459	98	229	204
SAMEA3136640	gtdb207	refKrak	422	552	121	368	355
SAMEA3136641	gtdb207	refKrak	592	780	168	494	473
SAMEA3136642	gtdb207	refKrak	641	809	166	564	543
SAMEA3136643	gtdb207	refKrak	358	696	126	324	289
SAMEA3136644	gtdb207	refKrak	634	781	196	545	542
SAMEA3136645	gtdb207	refKrak	541	729	159	473	466
SAMEA3136646	gtdb207	refKrak	346	535	130	311	301
SAMEA3136647	gtdb207	refKrak	212	335	80	181	161
SAMEA3136648	gtdb207	refKrak	515	787	163	457	442
SAMEA3136649	gtdb207	refKrak	199	383	74	176	172
SAMEA3136650	gtdb207	refKrak	279	429	87	248	231
SAMEA3136651	gtdb207	refKrak	470	796	149	417	392
SAMEA3136652	gtdb207	refKrak	560	915	167	493	463
SAMEA3136653	gtdb207	refKrak	399	736	145	352	329
SAMEA3136654	gtdb207	refKrak	606	816	186	525	509
SAMEA3136655	gtdb207	refKrak	363	717	137	306	282
SAMEA3136656	gtdb207	refKrak	421	552	158	361	341
SAMEA3136657	gtdb207	refKrak	351	818	114	294	260
SAMEA3136658	gtdb207	refKrak	609	866	190	545	522
SAMEA3136659	gtdb207	refKrak	591	750	162	509	492
SAMEA3136660	gtdb207	refKrak	280	783	97	253	219
SAMEA3136661	gtdb207	refKrak	276	646	99	247	209
SAMEA3136662	gtdb207	refKrak	344	533	113	305	297
SAMEA3136663	gtdb207	refKrak	422	760	141	390	355
SAMEA3136664	gtdb207	refKrak	398	738	142	355	333
SAMEA3136665	gtdb207	refKrak	309	558	135	249	228
SAMEA3136666	gtdb207	refKrak	388	832	141	361	339
SAMEA3136667	gtdb207	refKrak	467	665	160	420	405
SAMEA3136668	gtdb207	refKrak	274	686	106	242	216
SAMEA3136669	gtdb207	refKrak	465	608	161	406	396
SAMEA3136670	gtdb207	refKrak	420	728	131	378	367
SAMEA3136671	gtdb207	refKrak	462	657	143	416	394
SAMEA3136672	gtdb207	refKrak	413	749	138	368	348
SAMEA3136673	gtdb207	refKrak	440	742	138	385	366
SAMEA3136674	gtdb207	refKrak	384	548	116	345	319
SAMEA3136675	gtdb207	refKrak	517	686	166	464	454
SAMEA3136676	gtdb207	refKrak	526	860	160	491	448
SAMEA3136677	gtdb207	refKrak	226	393	69	197	184
SAMEA3136678	gtdb207	refKrak	353	595	124	296	287
SAMEA3136679	gtdb207	refKrak	276	470	112	235	234
SAMEA3136680	gtdb207	refKrak	535	692	184	444	418
SAMEA3136681	gtdb207	refKrak	266	406	77	192	179
SAMEA3136682	gtdb207	refKrak	421	564	143	374	369
SAMEA3136683	gtdb207	refKrak	528	717	158	465	455
SAMEA3136684	gtdb207	refKrak	636	975	192	569	548
SAMEA3136685	gtdb207	refKrak	540	887	155	463	423
SAMEA3136686	gtdb207	refKrak	369	517	116	305	290
SAMEA3136687	gtdb207	refKrak	412	551	119	353	336
SAMEA3136688	gtdb207	refKrak	521	683	160	435	428
SAMEA3136689	gtdb207	refKrak	529	919	176	484	459
SAMEA3136690	gtdb207	refKrak	210	418	80	164	163
SAMEA3136691	gtdb207	refKrak	457	744	128	380	323
SAMEA3136692	gtdb207	refKrak	390	509	119	312	288
SAMEA3136693	gtdb207	refKrak	411	732	121	347	313
SAMEA3136694	gtdb207	refKrak	549	763	159	478	475
SAMEA3136695	gtdb207	refKrak	529	646	165	465	454
SAMEA3136696	gtdb207	refKrak	481	927	148	410	388
SAMEA3136697	gtdb207	refKrak	493	660	155	419	412
SAMEA3136698	gtdb207	refKrak	654	920	188	542	525
SAMEA3136699	gtdb207	refKrak	623	814	169	556	532
SAMEA3136700	gtdb207	refKrak	674	800	185	580	556
SAMEA3136701	gtdb207	refKrak	467	692	162	406	394
SAMEA3136702	gtdb207	refKrak	228	413	85	197	199
SAMEA3136703	gtdb207	refKrak	435	593	148	392	379
SAMEA3136704	gtdb207	refKrak	479	825	155	425	393
SAMEA3136705	gtdb207	refKrak	586	808	172	511	487
SAMEA3136706	gtdb207	refKrak	445	580	137	373	347
SAMEA3136707	gtdb207	refKrak	503	740	136	443	432
SAMEA3136708	gtdb207	refKrak	277	604	88	248	216
SAMEA3136709	gtdb207	refKrak	351	911	134	336	309
SAMEA3136710	gtdb207	refKrak	262	443	73	240	218
SAMEA3136711	gtdb207	refKrak	312	507	92	288	266
SAMEA3136712	gtdb207	refKrak	359	487	108	297	286
SAMEA3136713	gtdb207	refKrak	501	750	163	454	436
SAMEA3136714	gtdb207	refKrak	373	661	117	335	306
SAMEA3136715	gtdb207	refKrak	482	747	149	416	390
SAMEA3136716	gtdb207	refKrak	460	837	158	405	374
SAMEA3136717	gtdb207	refKrak	473	841	151	409	382
SAMEA3136718	gtdb207	refKrak	595	777	176	533	522
SAMEA3136719	gtdb207	refKrak	447	778	132	374	344
SAMEA3136720	gtdb207	refKrak	339	777	106	262	227
SAMEA3136721	gtdb207	refKrak	499	710	147	448	419
SAMEA3136722	gtdb207	refKrak	239	440	90	166	161
SAMEA3136723	gtdb207	refKrak	563	753	188	453	448
SAMEA3136724	gtdb207	refKrak	476	651	151	353	330
SAMEA3136725	gtdb207	refKrak	634	826	186	563	547
SAMEA3136726	gtdb207	refKrak	607	746	192	536	529
SAMEA3136727	gtdb207	refKrak	636	798	194	544	525
SAMEA3136728	gtdb207	refKrak	447	737	151	409	383
SAMEA3136729	gtdb207	refKrak	570	764	173	505	505
SAMEA3136730	gtdb207	refKrak	450	649	166	360	343
SAMEA3136731	gtdb207	refKrak	519	701	161	460	437
SAMEA3136732	gtdb207	refKrak	569	785	176	507	495
SAMEA3136733	gtdb207	refKrak	455	648	159	398	382
SAMEA3136734	gtdb207	refKrak	508	690	211	453	451
SAMEA3136735	gtdb207	refKrak	319	472	118	280	274
SAMEA3136736	gtdb207	refKrak	421	616	142	369	357
SAMEA3136737	gtdb207	refKrak	371	548	138	339	327
SAMEA3136738	gtdb207	refKrak	584	723	176	521	514
SAMEA3136739	gtdb207	refKrak	522	695	179	447	438
SAMEA3136740	gtdb207	refKrak	495	672	172	405	383
SAMEA3136741	gtdb207	refKrak	540	708	184	476	454
SAMEA3136742	gtdb207	refKrak	524	867	162	446	424
SAMEA3136743	gtdb207	refKrak	558	814	163	506	488
SAMEA3136744	gtdb207	refKrak	416	520	123	353	345
SAMEA3136745	gtdb207	refKrak	349	466	128	307	294
SAMEA3136746	gtdb207	refKrak	665	967	197	586	574
SAMEA3136747	gtdb207	refKrak	343	649	118	306	286
SAMEA3136748	gtdb207	refKrak	369	640	136	330	314
SAMEA3136749	gtdb207	refKrak	491	718	150	436	404
SAMEA3136750	gtdb207	refKrak	389	698	106	326	298
SAMEA3136751	gtdb207	refKrak	574	759	159	508	489
SAMEA3136752	gtdb207	refKrak	614	782	189	543	526
SAMEA3136753	gtdb207	refKrak	448	747	140	399	380
SAMEA3136754	gtdb207	refKrak	626	914	160	554	526
SAMEA3136755	gtdb207	refKrak	493	832	166	468	431
SAMEA3136756	gtdb207	refKrak	510	842	154	478	444
SAMEA3136757	gtdb207	refKrak	517	659	179	445	437
SAMEA3136758	gtdb207	refKrak	283	580	100	245	225
SAMEA3136759	gtdb207	refKrak	598	888	185	535	502
SAMEA3136760	gtdb207	refKrak	587	989	176	517	491
SAMEA3136761	gtdb207	refKrak	558	712	188	444	413
SAMEA3136762	gtdb207	refKrak	447	572	134	352	333
SAMEA3136763	gtdb207	refKrak	604	707	202	455	415
SAMEA3136764	gtdb207	refKrak	466	781	142	408	371
SAMEA3136765	gtdb207	refKrak	358	548	129	262	240
SAMEA3136766	gtdb207	refKrak	405	795	134	346	305
SAMEA3136767	gtdb207	refKrak	437	772	142	383	355
SAMEA3136768	gtdb207	refKrak	225	367	84	139	118
SAMEA3136769	gtdb207	refKrak	296	763	114	253	227
SAMEA3178936	gtdb207	refKrak	341	624	123	303	288
SAMEA3178937	gtdb207	refKrak	573	692	167	497	492
SAMEA3178938	gtdb207	refKrak	489	659	172	425	416
SAMEA3178939	gtdb207	refKrak	422	637	153	375	365
SAMEA3178940	gtdb207	refKrak	304	513	115	277	267
SAMEA3178941	gtdb207	refKrak	416	676	151	385	366
SAMEA3178942	gtdb207	refKrak	366	582	129	324	312
SAMEA3178943	gtdb207	refKrak	590	801	196	544	505
SAMEA3178944	gtdb207	refKrak	530	715	155	476	464
SAMEA2466887	gtdb207	refMet4	259	533	122	237	230
SAMEA2466888	gtdb207	refMet4	213	528	90	193	188
SAMEA2466889	gtdb207	refMet4	300	586	105	267	243
SAMEA2466890	gtdb207	refMet4	236	573	102	216	206
SAMEA2466891	gtdb207	refMet4	215	575	105	206	192
SAMEA2466892	gtdb207	refMet4	220	468	106	208	196
SAMEA2466893	gtdb207	refMet4	189	504	96	182	167
SAMEA2466894	gtdb207	refMet4	166	508	79	146	138
SAMEA2466895	gtdb207	refMet4	192	533	81	165	161
SAMEA2466896	gtdb207	refMet4	115	411	64	114	103
SAMEA2466897	gtdb207	refMet4	264	533	109	238	231
SAMEA2466898	gtdb207	refMet4	254	532	104	229	226
SAMEA2466899	gtdb207	refMet4	267	563	105	238	226
SAMEA2466900	gtdb207	refMet4	149	377	55	121	116
SAMEA2466901	gtdb207	refMet4	215	444	99	194	189
SAMEA2466902	gtdb207	refMet4	142	515	72	133	128
SAMEA2466903	gtdb207	refMet4	264	594	99	226	223
SAMEA2466904	gtdb207	refMet4	235	559	111	204	204
SAMEA2466905	gtdb207	refMet4	196	542	92	180	167
SAMEA2466906	gtdb207	refMet4	273	577	117	263	243
SAMEA2466907	gtdb207	refMet4	116	394	67	108	100
SAMEA2466908	gtdb207	refMet4	270	553	116	251	238
SAMEA2466910	gtdb207	refMet4	220	544	91	199	192
SAMEA2466911	gtdb207	refMet4	326	585	133	282	283
SAMEA2466912	gtdb207	refMet4	150	409	72	134	125
SAMEA2466913	gtdb207	refMet4	261	583	108	232	229
SAMEA2466914	gtdb207	refMet4	214	446	99	194	179
SAMEA2466915	gtdb207	refMet4	212	394	90	187	179
SAMEA2466916	gtdb207	refMet4	154	484	82	155	140
SAMEA2466917	gtdb207	refMet4	69	321	41	59	56
SAMEA2466918	gtdb207	refMet4	225	467	96	201	191
SAMEA2466920	gtdb207	refMet4	91	375	46	81	76
SAMEA2466921	gtdb207	refMet4	220	511	102	205	192
SAMEA2466922	gtdb207	refMet4	161	394	58	141	137
SAMEA2466923	gtdb207	refMet4	110	413	62	99	92
SAMEA2466924	gtdb207	refMet4	135	406	66	124	122
SAMEA2466925	gtdb207	refMet4	315	638	127	280	281
SAMEA2466926	gtdb207	refMet4	182	449	94	155	142
SAMEA2466927	gtdb207	refMet4	234	581	113	220	206
SAMEA2466928	gtdb207	refMet4	159	426	77	144	140
SAMEA2466930	gtdb207	refMet4	277	592	121	244	240
SAMEA2466931	gtdb207	refMet4	198	521	81	177	175
SAMEA2466932	gtdb207	refMet4	295	631	117	268	266
SAMEA2466933	gtdb207	refMet4	156	443	91	145	133
SAMEA2466934	gtdb207	refMet4	277	620	112	248	237
SAMEA2466935	gtdb207	refMet4	179	487	81	152	152
SAMEA2466936	gtdb207	refMet4	149	445	71	137	125
SAMEA2466937	gtdb207	refMet4	224	606	93	204	197
SAMEA2466938	gtdb207	refMet4	255	541	114	218	210
SAMEA2466939	gtdb207	refMet4	257	578	87	219	212
SAMEA2466940	gtdb207	refMet4	247	558	114	217	213
SAMEA2466941	gtdb207	refMet4	161	512	90	155	144
SAMEA2466942	gtdb207	refMet4	319	620	125	289	275
SAMEA2466943	gtdb207	refMet4	322	588	132	281	273
SAMEA2466944	gtdb207	refMet4	176	502	86	146	142
SAMEA2466945	gtdb207	refMet4	263	596	114	231	226
SAMEA2466946	gtdb207	refMet4	166	495	74	152	148
SAMEA2466947	gtdb207	refMet4	231	544	105	211	202
SAMEA2466948	gtdb207	refMet4	189	526	83	169	149
SAMEA2466949	gtdb207	refMet4	252	531	102	221	222
SAMEA2466950	gtdb207	refMet4	229	489	93	205	205
SAMEA2466951	gtdb207	refMet4	318	632	141	289	287
SAMEA2466952	gtdb207	refMet4	183	482	78	169	155
SAMEA2466953	gtdb207	refMet4	278	523	113	253	246
SAMEA2466954	gtdb207	refMet4	141	413	67	126	119
SAMEA2466955	gtdb207	refMet4	282	595	118	250	236
SAMEA2466956	gtdb207	refMet4	155	432	71	130	129
SAMEA2466957	gtdb207	refMet4	229	516	98	198	197
SAMEA2466958	gtdb207	refMet4	159	443	84	135	130
SAMEA2466959	gtdb207	refMet4	299	573	124	276	259
SAMEA2466960	gtdb207	refMet4	166	453	76	156	147
SAMEA2466961	gtdb207	refMet4	203	518	94	191	174
SAMEA2466962	gtdb207	refMet4	264	593	104	238	227
SAMEA2466963	gtdb207	refMet4	266	645	112	245	239
SAMEA2466964	gtdb207	refMet4	283	629	103	252	249
SAMEA2466965	gtdb207	refMet4	228	576	94	198	188
SAMEA2466966	gtdb207	refMet4	165	524	70	146	132
SAMEA2466967	gtdb207	refMet4	264	538	105	233	235
SAMEA2466968	gtdb207	refMet4	210	466	79	166	164
SAMEA2466969	gtdb207	refMet4	193	460	81	178	169
SAMEA2466970	gtdb207	refMet4	170	484	76	153	144
SAMEA2466971	gtdb207	refMet4	327	537	128	293	292
SAMEA2466972	gtdb207	refMet4	311	612	126	269	256
SAMEA2466973	gtdb207	refMet4	289	524	96	235	234
SAMEA2466974	gtdb207	refMet4	274	573	111	242	225
SAMEA2466975	gtdb207	refMet4	202	497	100	177	173
SAMEA2466976	gtdb207	refMet4	263	609	113	241	240
SAMEA2466977	gtdb207	refMet4	247	547	103	224	217
SAMEA2466979	gtdb207	refMet4	238	534	103	208	193
SAMEA2466980	gtdb207	refMet4	149	477	75	126	119
SAMEA2466981	gtdb207	refMet4	148	488	73	131	119
SAMEA2466983	gtdb207	refMet4	231	525	93	217	205
SAMEA2466984	gtdb207	refMet4	331	585	145	301	285
SAMEA2466986	gtdb207	refMet4	288	642	120	258	243
SAMEA2466987	gtdb207	refMet4	128	370	59	111	102
SAMEA2466988	gtdb207	refMet4	300	653	109	266	253
SAMEA2466989	gtdb207	refMet4	225	541	83	186	181
SAMEA2466991	gtdb207	refMet4	244	543	107	224	214
SAMEA2466992	gtdb207	refMet4	265	549	107	237	226
SAMEA2466993	gtdb207	refMet4	290	617	109	257	250
SAMEA2466995	gtdb207	refMet4	257	563	110	222	215
SAMEA2466996	gtdb207	refMet4	315	659	129	277	276
SAMEA2466997	gtdb207	refMet4	165	514	72	155	150
SAMEA2466998	gtdb207	refMet4	118	419	68	107	104
SAMEA2466999	gtdb207	refMet4	149	537	76	147	134
SAMEA2467001	gtdb207	refMet4	103	412	61	93	87
SAMEA2467002	gtdb207	refMet4	157	491	57	139	125
SAMEA2467003	gtdb207	refMet4	177	491	91	163	153
SAMEA2467004	gtdb207	refMet4	214	517	97	178	178
SAMEA2467006	gtdb207	refMet4	331	569	131	303	300
SAMEA2467008	gtdb207	refMet4	218	511	101	194	180
SAMEA2467009	gtdb207	refMet4	57	274	40	54	53
SAMEA2467010	gtdb207	refMet4	194	387	90	181	168
SAMEA2467011	gtdb207	refMet4	114	471	63	106	93
SAMEA2467012	gtdb207	refMet4	261	601	99	230	216
SAMEA2467013	gtdb207	refMet4	261	526	112	232	225
SAMEA2467014	gtdb207	refMet4	202	460	89	176	168
SAMEA2467015	gtdb207	refMet4	214	506	98	195	193
SAMEA2467016	gtdb207	refMet4	242	534	108	208	199
SAMEA2467017	gtdb207	refMet4	258	549	121	239	224
SAMEA2467018	gtdb207	refMet4	155	502	77	142	139
SAMEA2467019	gtdb207	refMet4	292	615	113	251	246
SAMEA2467020	gtdb207	refMet4	314	554	125	275	276
SAMEA2467021	gtdb207	refMet4	284	586	113	251	245
SAMEA2467022	gtdb207	refMet4	280	521	111	242	232
SAMEA2467023	gtdb207	refMet4	114	442	61	107	97
SAMEA2467024	gtdb207	refMet4	259	561	89	233	221
SAMEA2467025	gtdb207	refMet4	238	604	100	207	203
SAMEA2467026	gtdb207	refMet4	224	596	110	192	190
SAMEA2467027	gtdb207	refMet4	307	589	112	277	270
SAMEA2467028	gtdb207	refMet4	220	505	100	199	190
SAMEA2467029	gtdb207	refMet4	341	633	117	301	291
SAMEA2467030	gtdb207	refMet4	236	489	96	214	214
SAMEA2467031	gtdb207	refMet4	301	595	111	271	272
SAMEA2467032	gtdb207	refMet4	76	328	41	65	61
SAMEA2467033	gtdb207	refMet4	154	476	90	151	141
SAMEA2467034	gtdb207	refMet4	317	544	122	281	274
SAMEA2467035	gtdb207	refMet4	344	622	133	307	301
SAMEA2467036	gtdb207	refMet4	263	620	120	248	242
SAMEA2467037	gtdb207	refMet4	187	500	81	166	159
SAMEA2467038	gtdb207	refMet4	84	417	50	78	76
SAMEA2467039	gtdb207	refMet4	267	565	99	251	237
SAMEA2467040	gtdb207	refMet4	168	484	77	147	139
SAMEA2467041	gtdb207	refMet4	212	537	91	193	178
SAMEA2467042	gtdb207	refMet4	222	575	107	187	185
SAMEA2467043	gtdb207	refMet4	141	481	66	131	123
SAMEA2467044	gtdb207	refMet4	270	526	99	235	230
SAMEA2467045	gtdb207	refMet4	179	496	84	164	156
SAMEA2467046	gtdb207	refMet4	307	585	123	270	259
SAMEA2467047	gtdb207	refMet4	107	390	54	98	98
SAMEA2467048	gtdb207	refMet4	179	466	92	166	150
SAMEA2467049	gtdb207	refMet4	232	555	87	202	195
SAMEA2467050	gtdb207	refMet4	278	621	108	243	241
SAMEA2467051	gtdb207	refMet4	165	531	76	144	138
SAMEA2467052	gtdb207	refMet4	200	521	72	175	175
SAMEA2467053	gtdb207	refMet4	188	431	77	157	150
SAMEA2467054	gtdb207	refMet4	282	621	117	252	245
SAMEA2467055	gtdb207	refMet4	343	661	122	298	301
SAMEA2467056	gtdb207	refMet4	165	543	79	159	147
SAMEA2467057	gtdb207	refMet4	161	416	67	153	145
SAMEA2467058	gtdb207	refMet4	188	499	74	165	154
SAMEA2467059	gtdb207	refMet4	92	403	54	87	81
SAMEA2467060	gtdb207	refMet4	206	468	84	192	180
SAMEA2467061	gtdb207	refMet4	303	569	110	278	259
SAMEA2467062	gtdb207	refMet4	238	532	96	209	196
SAMEA2467063	gtdb207	refMet4	202	559	95	174	171
SAMEA2467064	gtdb207	refMet4	190	559	95	173	162
SAMEA2467065	gtdb207	refMet4	232	516	96	219	204
SAMEA2467066	gtdb207	refMet4	216	522	94	193	180
SAMEA2467067	gtdb207	refMet4	273	526	122	238	222
SAMEA2467068	gtdb207	refMet4	88	408	54	86	80
SAMEA2467069	gtdb207	refMet4	184	409	68	153	147
SAMEA2467070	gtdb207	refMet4	168	467	78	155	144
SAMEA2467071	gtdb207	refMet4	174	473	80	153	145
SAMEA2467072	gtdb207	refMet4	234	519	92	206	202
SAMEA2467073	gtdb207	refMet4	272	578	116	238	235
SAMEA2467074	gtdb207	refMet4	297	572	96	262	255
SAMEA2467075	gtdb207	refMet4	232	559	86	213	203
SAMEA2467076	gtdb207	refMet4	240	600	117	221	216
SAMEA2467077	gtdb207	refMet4	231	596	89	210	193
SAMEA2467078	gtdb207	refMet4	305	582	118	266	254
SAMEA2467079	gtdb207	refMet4	134	375	60	118	108
SAMEA2467080	gtdb207	refMet4	224	587	87	181	181
SAMEA2467081	gtdb207	refMet4	172	530	78	152	158
SAMEA2467082	gtdb207	refMet4	98	394	44	100	84
SAMEA2467083	gtdb207	refMet4	203	576	84	172	173
SAMEA2467084	gtdb207	refMet4	144	408	75	131	128
SAMEA2467085	gtdb207	refMet4	133	425	61	115	113
SAMEA3136623	gtdb207	refMet4	121	451	53	112	104
SAMEA3136624	gtdb207	refMet4	164	412	83	149	140
SAMEA3136625	gtdb207	refMet4	238	503	97	208	195
SAMEA3136626	gtdb207	refMet4	106	341	50	86	87
SAMEA3136627	gtdb207	refMet4	277	628	122	238	241
SAMEA3136628	gtdb207	refMet4	156	444	71	142	126
SAMEA3136629	gtdb207	refMet4	254	584	115	220	213
SAMEA3136630	gtdb207	refMet4	279	590	99	259	247
SAMEA3136631	gtdb207	refMet4	161	471	70	143	138
SAMEA3136632	gtdb207	refMet4	268	555	103	246	232
SAMEA3136633	gtdb207	refMet4	64	373	40	62	55
SAMEA3136634	gtdb207	refMet4	274	527	99	239	232
SAMEA3136635	gtdb207	refMet4	87	367	48	79	70
SAMEA3136636	gtdb207	refMet4	83	360	44	74	64
SAMEA3136637	gtdb207	refMet4	174	475	77	163	153
SAMEA3136638	gtdb207	refMet4	188	454	87	166	162
SAMEA3136639	gtdb207	refMet4	89	336	51	76	74
SAMEA3136640	gtdb207	refMet4	149	403	64	134	122
SAMEA3136641	gtdb207	refMet4	250	599	99	223	220
SAMEA3136642	gtdb207	refMet4	312	632	105	274	264
SAMEA3136643	gtdb207	refMet4	125	401	68	115	106
SAMEA3136644	gtdb207	refMet4	321	593	128	294	293
SAMEA3136645	gtdb207	refMet4	251	578	103	228	214
SAMEA3136646	gtdb207	refMet4	158	379	82	129	125
SAMEA3136648	gtdb207	refMet4	228	559	99	206	197
SAMEA3136649	gtdb207	refMet4	49	335	29	42	39
SAMEA3136650	gtdb207	refMet4	88	335	38	70	66
SAMEA3136651	gtdb207	refMet4	204	470	90	180	175
SAMEA3136652	gtdb207	refMet4	223	532	87	196	181
SAMEA3136653	gtdb207	refMet4	166	474	89	144	145
SAMEA3136654	gtdb207	refMet4	272	602	119	239	232
SAMEA3136655	gtdb207	refMet4	112	412	65	96	92
SAMEA3136656	gtdb207	refMet4	155	416	85	139	132
SAMEA3136657	gtdb207	refMet4	102	426	50	95	83
SAMEA3136658	gtdb207	refMet4	333	612	128	293	293
SAMEA3136659	gtdb207	refMet4	247	555	95	225	208
SAMEA3136660	gtdb207	refMet4	113	389	62	101	96
SAMEA3136661	gtdb207	refMet4	82	378	44	75	65
SAMEA3136662	gtdb207	refMet4	134	434	62	130	115
SAMEA3136663	gtdb207	refMet4	171	490	87	154	150
SAMEA3136664	gtdb207	refMet4	168	483	79	159	152
SAMEA3136665	gtdb207	refMet4	107	371	64	95	88
SAMEA3136666	gtdb207	refMet4	203	509	87	175	161
SAMEA3136667	gtdb207	refMet4	244	515	98	206	213
SAMEA3136668	gtdb207	refMet4	104	403	58	90	89
SAMEA3136669	gtdb207	refMet4	181	445	86	170	161
SAMEA3136670	gtdb207	refMet4	199	484	76	171	162
SAMEA3136671	gtdb207	refMet4	219	536	90	196	187
SAMEA3136672	gtdb207	refMet4	191	472	82	171	164
SAMEA3136673	gtdb207	refMet4	171	446	66	146	144
SAMEA3136674	gtdb207	refMet4	127	376	53	121	106
SAMEA3136675	gtdb207	refMet4	284	564	108	251	242
SAMEA3136676	gtdb207	refMet4	288	553	109	251	241
SAMEA3136677	gtdb207	refMet4	48	318	19	40	29
SAMEA3136678	gtdb207	refMet4	198	519	84	171	168
SAMEA3136679	gtdb207	refMet4	100	397	52	89	79
SAMEA3136680	gtdb207	refMet4	263	522	124	225	211
SAMEA3136681	gtdb207	refMet4	37	241	19	29	25
SAMEA3136682	gtdb207	refMet4	164	462	72	140	133
SAMEA3136683	gtdb207	refMet4	238	573	88	222	213
SAMEA3136684	gtdb207	refMet4	300	678	122	271	264
SAMEA3136685	gtdb207	refMet4	238	540	90	215	207
SAMEA3136686	gtdb207	refMet4	115	413	55	100	96
SAMEA3136687	gtdb207	refMet4	126	431	57	109	106
SAMEA3136688	gtdb207	refMet4	216	543	92	186	178
SAMEA3136689	gtdb207	refMet4	272	631	113	236	235
SAMEA3136690	gtdb207	refMet4	46	383	23	40	32
SAMEA3136691	gtdb207	refMet4	140	414	56	118	121
SAMEA3136692	gtdb207	refMet4	96	384	49	81	75
SAMEA3136693	gtdb207	refMet4	121	386	56	106	100
SAMEA3136694	gtdb207	refMet4	252	560	103	221	216
SAMEA3136695	gtdb207	refMet4	255	494	100	214	209
SAMEA3136696	gtdb207	refMet4	259	570	93	225	210
SAMEA3136697	gtdb207	refMet4	190	538	88	164	158
SAMEA3136698	gtdb207	refMet4	306	557	107	264	249
SAMEA3136699	gtdb207	refMet4	331	687	115	304	294
SAMEA3136700	gtdb207	refMet4	320	610	113	270	269
SAMEA3136701	gtdb207	refMet4	207	587	88	188	174
SAMEA3136702	gtdb207	refMet4	55	345	34	50	47
SAMEA3136703	gtdb207	refMet4	207	467	94	177	180
SAMEA3136704	gtdb207	refMet4	183	460	89	165	155
SAMEA3136705	gtdb207	refMet4	251	612	97	228	219
SAMEA3136706	gtdb207	refMet4	154	411	75	132	122
SAMEA3136707	gtdb207	refMet4	265	641	90	244	227
SAMEA3136708	gtdb207	refMet4	85	356	44	80	76
SAMEA3136709	gtdb207	refMet4	241	565	103	213	196
SAMEA3136710	gtdb207	refMet4	64	370	33	58	55
SAMEA3136711	gtdb207	refMet4	103	352	49	95	90
SAMEA3136712	gtdb207	refMet4	100	364	45	86	79
SAMEA3136713	gtdb207	refMet4	278	604	110	249	238
SAMEA3136714	gtdb207	refMet4	147	386	62	129	125
SAMEA3136715	gtdb207	refMet4	174	424	72	149	135
SAMEA3136716	gtdb207	refMet4	232	471	102	208	208
SAMEA3136717	gtdb207	refMet4	187	494	86	173	164
SAMEA3136718	gtdb207	refMet4	326	659	122	292	290
SAMEA3136719	gtdb207	refMet4	181	438	71	159	148
SAMEA3136720	gtdb207	refMet4	99	371	49	93	79
SAMEA3136721	gtdb207	refMet4	249	456	94	221	213
SAMEA3136722	gtdb207	refMet4	96	381	45	86	76
SAMEA3136723	gtdb207	refMet4	264	568	107	227	213
SAMEA3136724	gtdb207	refMet4	149	480	79	136	127
SAMEA3136725	gtdb207	refMet4	281	616	113	254	243
SAMEA3136726	gtdb207	refMet4	315	554	123	271	256
SAMEA3136727	gtdb207	refMet4	291	642	125	264	253
SAMEA3136728	gtdb207	refMet4	251	466	91	208	206
SAMEA3136729	gtdb207	refMet4	311	640	114	278	276
SAMEA3136730	gtdb207	refMet4	151	512	84	141	123
SAMEA3136731	gtdb207	refMet4	221	544	84	188	180
SAMEA3136732	gtdb207	refMet4	253	593	94	211	214
SAMEA3136733	gtdb207	refMet4	161	473	84	143	134
SAMEA3136734	gtdb207	refMet4	356	598	157	296	277
SAMEA3136735	gtdb207	refMet4	151	387	63	133	113
SAMEA3136736	gtdb207	refMet4	177	505	75	152	145
SAMEA3136737	gtdb207	refMet4	162	448	77	132	119
SAMEA3136738	gtdb207	refMet4	334	551	123	305	290
SAMEA3136739	gtdb207	refMet4	196	540	98	181	168
SAMEA3136740	gtdb207	refMet4	238	525	105	208	201
SAMEA3136741	gtdb207	refMet4	236	547	104	195	187
SAMEA3136742	gtdb207	refMet4	194	517	96	174	162
SAMEA3136743	gtdb207	refMet4	312	638	113	276	273
SAMEA3136744	gtdb207	refMet4	146	372	66	127	125
SAMEA3136745	gtdb207	refMet4	173	350	73	143	134
SAMEA3136746	gtdb207	refMet4	322	657	127	271	265
SAMEA3136747	gtdb207	refMet4	148	382	62	126	116
SAMEA3136748	gtdb207	refMet4	145	426	78	127	126
SAMEA3136749	gtdb207	refMet4	233	481	90	197	199
SAMEA3136750	gtdb207	refMet4	118	395	47	105	96
SAMEA3136751	gtdb207	refMet4	302	599	103	268	259
SAMEA3136752	gtdb207	refMet4	288	600	117	259	244
SAMEA3136753	gtdb207	refMet4	240	481	93	211	200
SAMEA3136754	gtdb207	refMet4	268	635	94	238	228
SAMEA3136755	gtdb207	refMet4	289	554	113	253	245
SAMEA3136756	gtdb207	refMet4	263	542	91	232	210
SAMEA3136757	gtdb207	refMet4	284	527	116	251	240
SAMEA3136758	gtdb207	refMet4	86	348	47	74	64
SAMEA3136759	gtdb207	refMet4	313	597	116	269	266
SAMEA3136760	gtdb207	refMet4	293	629	118	270	258
SAMEA3136761	gtdb207	refMet4	212	539	115	199	187
SAMEA3136762	gtdb207	refMet4	185	467	79	149	149
SAMEA3136763	gtdb207	refMet4	213	522	114	187	176
SAMEA3136764	gtdb207	refMet4	171	473	70	154	146
SAMEA3136765	gtdb207	refMet4	173	456	92	145	133
SAMEA3136766	gtdb207	refMet4	165	454	72	142	126
SAMEA3136767	gtdb207	refMet4	249	522	90	210	198
SAMEA3136768	gtdb207	refMet4	105	337	54	82	71
SAMEA3136769	gtdb207	refMet4	107	411	50	86	80
SAMEA3178936	gtdb207	refMet4	114	385	61	113	107
SAMEA3178937	gtdb207	refMet4	273	552	102	244	247
SAMEA3178938	gtdb207	refMet4	228	509	111	206	191
SAMEA3178939	gtdb207	refMet4	242	539	107	206	201
SAMEA3178940	gtdb207	refMet4	110	420	64	105	95
SAMEA3178941	gtdb207	refMet4	189	581	89	169	166
SAMEA3178942	gtdb207	refMet4	151	521	74	143	133
SAMEA3178943	gtdb207	refMet4	319	660	127	286	280
SAMEA3178944	gtdb207	refMet4	235	548	89	201	209
SAMEA2466887	uhgg	refKrak	494	557	209	444	430
SAMEA2466888	uhgg	refKrak	455	520	157	407	381
SAMEA2466889	uhgg	refKrak	953	752	237	689	588
SAMEA2466890	uhgg	refKrak	724	652	221	574	521
SAMEA2466891	uhgg	refKrak	472	583	192	411	407
SAMEA2466892	uhgg	refKrak	450	505	187	414	397
SAMEA2466893	uhgg	refKrak	330	460	158	304	298
SAMEA2466894	uhgg	refKrak	390	501	163	352	345
SAMEA2466895	uhgg	refKrak	537	536	170	404	367
SAMEA2466896	uhgg	refKrak	304	392	142	272	263
SAMEA2466897	uhgg	refKrak	561	558	200	479	458
SAMEA2466898	uhgg	refKrak	509	601	173	457	435
SAMEA2466899	uhgg	refKrak	654	654	218	552	519
SAMEA2466900	uhgg	refKrak	520	507	163	417	369
SAMEA2466901	uhgg	refKrak	385	492	173	356	354
SAMEA2466902	uhgg	refKrak	512	536	190	425	410
SAMEA2466903	uhgg	refKrak	709	663	209	565	561
SAMEA2466904	uhgg	refKrak	667	666	241	557	546
SAMEA2466905	uhgg	refKrak	448	537	192	394	389
SAMEA2466906	uhgg	refKrak	431	538	175	393	378
SAMEA2466907	uhgg	refKrak	303	383	137	262	249
SAMEA2466908	uhgg	refKrak	421	508	174	374	356
SAMEA2466910	uhgg	refKrak	748	674	220	601	554
SAMEA2466911	uhgg	refKrak	572	604	205	489	490
SAMEA2466912	uhgg	refKrak	452	480	175	379	368
SAMEA2466913	uhgg	refKrak	749	675	209	568	503
SAMEA2466914	uhgg	refKrak	514	508	206	425	415
SAMEA2466915	uhgg	refKrak	355	398	154	329	296
SAMEA2466916	uhgg	refKrak	453	510	188	379	348
SAMEA2466917	uhgg	refKrak	248	291	102	184	171
SAMEA2466918	uhgg	refKrak	542	556	190	454	431
SAMEA2466921	uhgg	refKrak	473	518	191	402	403
SAMEA2466922	uhgg	refKrak	341	385	109	294	283
SAMEA2466923	uhgg	refKrak	294	549	148	267	251
SAMEA2466924	uhgg	refKrak	495	452	154	365	311
SAMEA2466925	uhgg	refKrak	731	667	214	611	575
SAMEA2466926	uhgg	refKrak	248	389	171	220	215
SAMEA2466927	uhgg	refKrak	771	660	224	557	511
SAMEA2466928	uhgg	refKrak	587	511	154	414	350
SAMEA2466930	uhgg	refKrak	458	564	201	429	415
SAMEA2466931	uhgg	refKrak	709	645	201	555	504
SAMEA2466932	uhgg	refKrak	825	714	227	641	578
SAMEA2466933	uhgg	refKrak	508	556	186	413	372
SAMEA2466934	uhgg	refKrak	563	608	210	491	474
SAMEA2466935	uhgg	refKrak	544	553	194	449	426
SAMEA2466936	uhgg	refKrak	486	463	147	341	291
SAMEA2466937	uhgg	refKrak	617	622	195	512	486
SAMEA2466938	uhgg	refKrak	607	594	236	487	445
SAMEA2466939	uhgg	refKrak	616	609	173	525	505
SAMEA2466940	uhgg	refKrak	786	865	242	615	543
SAMEA2466941	uhgg	refKrak	459	489	198	358	345
SAMEA2466942	uhgg	refKrak	642	668	213	561	546
SAMEA2466943	uhgg	refKrak	445	519	174	399	382
SAMEA2466944	uhgg	refKrak	391	460	178	301	304
SAMEA2466945	uhgg	refKrak	557	607	211	473	462
SAMEA2466946	uhgg	refKrak	824	618	192	526	418
SAMEA2466947	uhgg	refKrak	548	582	184	470	457
SAMEA2466948	uhgg	refKrak	461	534	178	385	388
SAMEA2466949	uhgg	refKrak	492	523	194	417	426
SAMEA2466950	uhgg	refKrak	371	454	151	328	317
SAMEA2466951	uhgg	refKrak	556	594	218	487	485
SAMEA2466952	uhgg	refKrak	429	484	156	376	363
SAMEA2466953	uhgg	refKrak	500	520	188	440	431
SAMEA2466954	uhgg	refKrak	464	492	158	373	360
SAMEA2466955	uhgg	refKrak	947	766	226	669	605
SAMEA2466956	uhgg	refKrak	227	349	114	201	201
SAMEA2466957	uhgg	refKrak	673	582	216	496	446
SAMEA2466958	uhgg	refKrak	447	485	183	375	350
SAMEA2466959	uhgg	refKrak	553	575	207	489	478
SAMEA2466960	uhgg	refKrak	662	638	211	500	465
SAMEA2466961	uhgg	refKrak	477	525	193	424	396
SAMEA2466962	uhgg	refKrak	541	620	195	472	455
SAMEA2466963	uhgg	refKrak	500	574	190	440	420
SAMEA2466964	uhgg	refKrak	716	725	209	604	585
SAMEA2466965	uhgg	refKrak	739	683	219	576	516
SAMEA2466966	uhgg	refKrak	547	537	189	406	369
SAMEA2466967	uhgg	refKrak	451	509	171	390	383
SAMEA2466968	uhgg	refKrak	652	580	192	497	452
SAMEA2466969	uhgg	refKrak	332	418	145	293	287
SAMEA2466970	uhgg	refKrak	597	628	183	471	404
SAMEA2466971	uhgg	refKrak	434	483	175	396	390
SAMEA2466972	uhgg	refKrak	697	687	244	601	564
SAMEA2466973	uhgg	refKrak	497	548	170	445	416
SAMEA2466974	uhgg	refKrak	584	594	224	513	507
SAMEA2466975	uhgg	refKrak	373	481	184	327	326
SAMEA2466976	uhgg	refKrak	521	595	201	474	452
SAMEA2466977	uhgg	refKrak	654	783	210	542	514
SAMEA2466979	uhgg	refKrak	749	653	240	569	530
SAMEA2466980	uhgg	refKrak	435	652	189	377	379
SAMEA2466981	uhgg	refKrak	618	575	191	460	408
SAMEA2466983	uhgg	refKrak	305	435	131	273	274
SAMEA2466984	uhgg	refKrak	832	736	269	687	641
SAMEA2466986	uhgg	refKrak	645	679	235	551	531
SAMEA2466987	uhgg	refKrak	575	440	133	356	280
SAMEA2466988	uhgg	refKrak	646	640	195	547	536
SAMEA2466989	uhgg	refKrak	457	504	167	388	374
SAMEA2466991	uhgg	refKrak	443	517	186	382	375
SAMEA2466992	uhgg	refKrak	674	627	209	534	495
SAMEA2466993	uhgg	refKrak	624	614	195	527	501
SAMEA2466995	uhgg	refKrak	658	620	215	541	519
SAMEA2466996	uhgg	refKrak	638	637	252	543	522
SAMEA2466997	uhgg	refKrak	658	620	182	515	467
SAMEA2466998	uhgg	refKrak	322	382	148	269	263
SAMEA2466999	uhgg	refKrak	468	524	182	379	358
SAMEA2467001	uhgg	refKrak	251	357	133	202	202
SAMEA2467002	uhgg	refKrak	398	453	142	352	329
SAMEA2467003	uhgg	refKrak	635	597	203	492	440
SAMEA2467004	uhgg	refKrak	525	536	201	425	411
SAMEA2467006	uhgg	refKrak	394	476	164	352	355
SAMEA2467008	uhgg	refKrak	460	512	210	399	367
SAMEA2467009	uhgg	refKrak	204	281	83	166	147
SAMEA2467010	uhgg	refKrak	346	382	152	308	296
SAMEA2467011	uhgg	refKrak	431	475	165	352	320
SAMEA2467012	uhgg	refKrak	636	614	199	526	489
SAMEA2467013	uhgg	refKrak	643	589	230	513	489
SAMEA2467014	uhgg	refKrak	566	624	193	474	447
SAMEA2467015	uhgg	refKrak	602	586	212	500	486
SAMEA2467016	uhgg	refKrak	605	600	234	490	474
SAMEA2467017	uhgg	refKrak	627	608	234	501	499
SAMEA2467018	uhgg	refKrak	488	519	187	410	393
SAMEA2467019	uhgg	refKrak	690	677	229	586	575
SAMEA2467020	uhgg	refKrak	586	560	212	507	490
SAMEA2467021	uhgg	refKrak	597	608	207	497	481
SAMEA2467022	uhgg	refKrak	655	628	221	539	538
SAMEA2467023	uhgg	refKrak	423	458	170	356	338
SAMEA2467024	uhgg	refKrak	476	551	166	415	401
SAMEA2467025	uhgg	refKrak	597	626	209	515	492
SAMEA2467026	uhgg	refKrak	677	640	212	522	484
SAMEA2467027	uhgg	refKrak	624	751	196	554	526
SAMEA2467028	uhgg	refKrak	573	576	187	486	459
SAMEA2467029	uhgg	refKrak	631	630	214	541	526
SAMEA2467030	uhgg	refKrak	546	543	189	457	435
SAMEA2467031	uhgg	refKrak	547	556	177	465	457
SAMEA2467032	uhgg	refKrak	299	325	134	233	225
SAMEA2467033	uhgg	refKrak	432	485	188	357	310
SAMEA2467034	uhgg	refKrak	585	574	207	504	489
SAMEA2467035	uhgg	refKrak	770	717	252	628	592
SAMEA2467036	uhgg	refKrak	725	700	239	608	570
SAMEA2467037	uhgg	refKrak	533	535	179	418	394
SAMEA2467038	uhgg	refKrak	401	420	138	287	264
SAMEA2467039	uhgg	refKrak	784	710	213	642	602
SAMEA2467040	uhgg	refKrak	560	563	191	444	416
SAMEA2467041	uhgg	refKrak	500	531	206	411	400
SAMEA2467042	uhgg	refKrak	652	637	233	516	498
SAMEA2467043	uhgg	refKrak	482	503	164	376	342
SAMEA2467044	uhgg	refKrak	600	584	195	508	498
SAMEA2467045	uhgg	refKrak	555	533	189	440	407
SAMEA2467046	uhgg	refKrak	592	621	212	528	511
SAMEA2467047	uhgg	refKrak	401	425	143	332	290
SAMEA2467048	uhgg	refKrak	503	506	200	400	366
SAMEA2467049	uhgg	refKrak	637	596	182	512	469
SAMEA2467050	uhgg	refKrak	655	648	202	543	526
SAMEA2467051	uhgg	refKrak	561	567	176	453	410
SAMEA2467052	uhgg	refKrak	484	506	158	417	397
SAMEA2467053	uhgg	refKrak	481	517	157	399	379
SAMEA2467054	uhgg	refKrak	648	674	212	553	528
SAMEA2467055	uhgg	refKrak	677	674	206	569	552
SAMEA2467056	uhgg	refKrak	522	549	185	445	411
SAMEA2467057	uhgg	refKrak	441	443	155	379	365
SAMEA2467058	uhgg	refKrak	423	483	157	362	351
SAMEA2467059	uhgg	refKrak	439	457	149	316	298
SAMEA2467060	uhgg	refKrak	574	554	175	489	447
SAMEA2467061	uhgg	refKrak	782	723	236	636	600
SAMEA2467062	uhgg	refKrak	579	590	204	481	462
SAMEA2467063	uhgg	refKrak	565	573	195	461	454
SAMEA2467064	uhgg	refKrak	402	527	159	361	340
SAMEA2467065	uhgg	refKrak	597	607	189	499	486
SAMEA2467066	uhgg	refKrak	618	594	210	478	436
SAMEA2467067	uhgg	refKrak	633	604	227	521	490
SAMEA2467068	uhgg	refKrak	494	468	153	311	272
SAMEA2467069	uhgg	refKrak	504	482	154	400	365
SAMEA2467070	uhgg	refKrak	519	542	181	434	400
SAMEA2467071	uhgg	refKrak	676	574	187	470	388
SAMEA2467072	uhgg	refKrak	709	670	204	582	555
SAMEA2467073	uhgg	refKrak	453	559	170	404	394
SAMEA2467074	uhgg	refKrak	656	634	193	554	518
SAMEA2467075	uhgg	refKrak	573	603	181	486	455
SAMEA2467076	uhgg	refKrak	559	585	215	475	457
SAMEA2467077	uhgg	refKrak	610	632	187	503	472
SAMEA2467078	uhgg	refKrak	627	623	213	524	515
SAMEA2467079	uhgg	refKrak	435	423	152	350	315
SAMEA2467080	uhgg	refKrak	655	624	195	551	504
SAMEA2467081	uhgg	refKrak	627	566	169	438	372
SAMEA2467082	uhgg	refKrak	485	453	130	314	257
SAMEA2467083	uhgg	refKrak	805	671	186	565	472
SAMEA2467084	uhgg	refKrak	688	545	172	446	357
SAMEA2467085	uhgg	refKrak	735	525	157	401	314
SAMEA3136623	uhgg	refKrak	298	403	109	264	249
SAMEA3136624	uhgg	refKrak	390	449	170	339	325
SAMEA3136625	uhgg	refKrak	454	688	202	413	367
SAMEA3136626	uhgg	refKrak	352	374	113	301	289
SAMEA3136627	uhgg	refKrak	613	650	215	521	521
SAMEA3136628	uhgg	refKrak	346	678	129	299	258
SAMEA3136629	uhgg	refKrak	499	703	220	435	413
SAMEA3136630	uhgg	refKrak	564	557	149	501	464
SAMEA3136631	uhgg	refKrak	407	459	167	344	346
SAMEA3136632	uhgg	refKrak	617	711	193	521	491
SAMEA3136633	uhgg	refKrak	306	517	123	246	214
SAMEA3136634	uhgg	refKrak	501	520	161	447	428
SAMEA3136635	uhgg	refKrak	320	398	134	268	245
SAMEA3136636	uhgg	refKrak	311	344	130	258	247
SAMEA3136637	uhgg	refKrak	396	677	143	357	312
SAMEA3136638	uhgg	refKrak	503	527	177	433	404
SAMEA3136639	uhgg	refKrak	277	353	123	232	204
SAMEA3136640	uhgg	refKrak	436	467	136	372	357
SAMEA3136641	uhgg	refKrak	626	641	191	508	478
SAMEA3136642	uhgg	refKrak	694	637	185	595	556
SAMEA3136643	uhgg	refKrak	368	599	153	329	290
SAMEA3136644	uhgg	refKrak	678	647	220	568	549
SAMEA3136645	uhgg	refKrak	570	608	182	489	470
SAMEA3136646	uhgg	refKrak	356	441	148	317	300
SAMEA3136647	uhgg	refKrak	214	261	95	182	161
SAMEA3136648	uhgg	refKrak	544	661	183	468	447
SAMEA3136649	uhgg	refKrak	206	309	88	179	172
SAMEA3136650	uhgg	refKrak	288	346	104	252	230
SAMEA3136651	uhgg	refKrak	491	683	165	425	396
SAMEA3136652	uhgg	refKrak	589	760	190	509	466
SAMEA3136653	uhgg	refKrak	415	626	167	364	330
SAMEA3136654	uhgg	refKrak	640	666	218	534	517
SAMEA3136655	uhgg	refKrak	375	585	170	311	281
SAMEA3136656	uhgg	refKrak	445	444	190	364	341
SAMEA3136657	uhgg	refKrak	368	671	134	299	262
SAMEA3136658	uhgg	refKrak	650	739	219	562	528
SAMEA3136659	uhgg	refKrak	639	599	189	532	502
SAMEA3136660	uhgg	refKrak	296	644	113	263	220
SAMEA3136661	uhgg	refKrak	288	543	117	253	208
SAMEA3136662	uhgg	refKrak	360	436	132	317	298
SAMEA3136663	uhgg	refKrak	444	642	157	399	358
SAMEA3136664	uhgg	refKrak	422	618	162	368	336
SAMEA3136665	uhgg	refKrak	322	412	157	250	228
SAMEA3136666	uhgg	refKrak	412	686	168	375	341
SAMEA3136667	uhgg	refKrak	489	548	187	430	408
SAMEA3136668	uhgg	refKrak	278	574	128	243	217
SAMEA3136669	uhgg	refKrak	487	511	184	415	400
SAMEA3136670	uhgg	refKrak	444	628	152	390	370
SAMEA3136671	uhgg	refKrak	482	539	168	425	400
SAMEA3136672	uhgg	refKrak	442	634	166	379	350
SAMEA3136673	uhgg	refKrak	465	623	155	394	370
SAMEA3136674	uhgg	refKrak	400	465	139	349	321
SAMEA3136675	uhgg	refKrak	547	567	186	479	459
SAMEA3136676	uhgg	refKrak	562	720	180	511	456
SAMEA3136677	uhgg	refKrak	235	311	98	200	184
SAMEA3136678	uhgg	refKrak	371	475	150	304	288
SAMEA3136679	uhgg	refKrak	281	370	136	236	233
SAMEA3136680	uhgg	refKrak	554	566	220	447	419
SAMEA3136681	uhgg	refKrak	285	320	95	197	181
SAMEA3136682	uhgg	refKrak	438	474	160	381	370
SAMEA3136683	uhgg	refKrak	563	579	182	477	460
SAMEA3136684	uhgg	refKrak	687	802	217	588	566
SAMEA3136685	uhgg	refKrak	573	754	185	473	425
SAMEA3136686	uhgg	refKrak	387	425	145	309	292
SAMEA3136687	uhgg	refKrak	432	462	140	364	337
SAMEA3136688	uhgg	refKrak	540	560	185	444	429
SAMEA3136689	uhgg	refKrak	558	769	200	498	464
SAMEA3136690	uhgg	refKrak	213	329	99	166	164
SAMEA3136691	uhgg	refKrak	478	640	148	389	326
SAMEA3136692	uhgg	refKrak	403	418	143	313	289
SAMEA3136693	uhgg	refKrak	431	619	148	358	314
SAMEA3136694	uhgg	refKrak	581	640	183	498	481
SAMEA3136695	uhgg	refKrak	559	545	183	483	461
SAMEA3136696	uhgg	refKrak	513	760	165	420	392
SAMEA3136697	uhgg	refKrak	518	546	180	428	415
SAMEA3136698	uhgg	refKrak	698	770	216	563	531
SAMEA3136699	uhgg	refKrak	667	661	193	575	541
SAMEA3136700	uhgg	refKrak	720	663	207	602	567
SAMEA3136701	uhgg	refKrak	491	560	190	411	396
SAMEA3136702	uhgg	refKrak	236	322	104	200	202
SAMEA3136703	uhgg	refKrak	456	481	172	398	380
SAMEA3136704	uhgg	refKrak	498	701	173	433	393
SAMEA3136705	uhgg	refKrak	620	679	196	530	493
SAMEA3136706	uhgg	refKrak	467	502	163	380	346
SAMEA3136707	uhgg	refKrak	544	590	160	458	438
SAMEA3136708	uhgg	refKrak	289	503	101	254	215
SAMEA3136709	uhgg	refKrak	367	753	157	340	311
SAMEA3136710	uhgg	refKrak	265	374	86	245	218
SAMEA3136711	uhgg	refKrak	328	440	107	295	267
SAMEA3136712	uhgg	refKrak	370	403	126	299	286
SAMEA3136713	uhgg	refKrak	528	612	189	470	440
SAMEA3136714	uhgg	refKrak	384	563	135	342	306
SAMEA3136715	uhgg	refKrak	504	644	173	429	393
SAMEA3136716	uhgg	refKrak	486	710	184	412	376
SAMEA3136717	uhgg	refKrak	493	713	175	422	384
SAMEA3136718	uhgg	refKrak	635	627	197	550	530
SAMEA3136719	uhgg	refKrak	476	649	148	386	347
SAMEA3136720	uhgg	refKrak	355	612	129	268	228
SAMEA3136721	uhgg	refKrak	525	591	162	463	428
SAMEA3136722	uhgg	refKrak	247	295	113	166	162
SAMEA3136723	uhgg	refKrak	592	584	216	465	453
SAMEA3136724	uhgg	refKrak	504	528	179	359	335
SAMEA3136725	uhgg	refKrak	674	675	211	583	556
SAMEA3136726	uhgg	refKrak	646	621	225	557	538
SAMEA3136727	uhgg	refKrak	676	660	217	555	535
SAMEA3136728	uhgg	refKrak	468	633	168	417	387
SAMEA3136729	uhgg	refKrak	600	634	199	521	513
SAMEA3136730	uhgg	refKrak	467	496	202	360	344
SAMEA3136731	uhgg	refKrak	549	567	184	467	442
SAMEA3136732	uhgg	refKrak	600	638	206	519	501
SAMEA3136733	uhgg	refKrak	473	538	185	405	383
SAMEA3136734	uhgg	refKrak	524	575	247	458	452
SAMEA3136735	uhgg	refKrak	334	381	140	290	276
SAMEA3136736	uhgg	refKrak	444	503	162	375	360
SAMEA3136737	uhgg	refKrak	382	459	161	344	327
SAMEA3136738	uhgg	refKrak	621	589	198	541	527
SAMEA3136739	uhgg	refKrak	536	568	211	448	439
SAMEA3136740	uhgg	refKrak	520	547	199	411	389
SAMEA3136741	uhgg	refKrak	559	589	205	483	456
SAMEA3136742	uhgg	refKrak	547	725	187	457	429
SAMEA3136743	uhgg	refKrak	592	675	182	525	495
SAMEA3136744	uhgg	refKrak	428	432	146	355	347
SAMEA3136745	uhgg	refKrak	366	381	147	314	297
SAMEA3136746	uhgg	refKrak	701	829	227	604	579
SAMEA3136747	uhgg	refKrak	357	562	134	312	285
SAMEA3136748	uhgg	refKrak	387	530	168	341	316
SAMEA3136749	uhgg	refKrak	520	613	170	446	408
SAMEA3136750	uhgg	refKrak	405	595	126	338	300
SAMEA3136751	uhgg	refKrak	617	623	178	523	500
SAMEA3136752	uhgg	refKrak	650	652	217	556	532
SAMEA3136753	uhgg	refKrak	468	615	164	407	385
SAMEA3136754	uhgg	refKrak	669	757	182	577	537
SAMEA3136755	uhgg	refKrak	520	709	187	477	436
SAMEA3136756	uhgg	refKrak	534	701	176	495	449
SAMEA3136757	uhgg	refKrak	546	544	211	453	442
SAMEA3136758	uhgg	refKrak	295	472	122	250	227
SAMEA3136759	uhgg	refKrak	636	726	212	558	511
SAMEA3136760	uhgg	refKrak	621	829	195	526	501
SAMEA3136761	uhgg	refKrak	588	588	228	451	416
SAMEA3136762	uhgg	refKrak	462	476	156	357	334
SAMEA3136763	uhgg	refKrak	632	594	236	466	418
SAMEA3136764	uhgg	refKrak	482	668	163	415	373
SAMEA3136765	uhgg	refKrak	369	403	160	263	240
SAMEA3136766	uhgg	refKrak	420	667	162	351	305
SAMEA3136767	uhgg	refKrak	465	640	160	395	357
SAMEA3136768	uhgg	refKrak	227	226	116	138	118
SAMEA3136769	uhgg	refKrak	302	608	147	256	227
SAMEA3178936	uhgg	refKrak	356	538	140	308	289
SAMEA3178937	uhgg	refKrak	605	575	187	510	500
SAMEA3178938	uhgg	refKrak	512	541	201	434	419
SAMEA3178939	uhgg	refKrak	444	526	172	384	369
SAMEA3178940	uhgg	refKrak	314	412	137	281	267
SAMEA3178941	uhgg	refKrak	434	562	168	392	368
SAMEA3178942	uhgg	refKrak	378	474	145	328	314
SAMEA3178943	uhgg	refKrak	628	655	218	560	514
SAMEA3178944	uhgg	refKrak	563	595	178	487	468
SAMEA2466887	uhgg	refMet4	259	432	141	233	230
SAMEA2466888	uhgg	refMet4	214	438	106	195	189
SAMEA2466889	uhgg	refMet4	301	473	119	267	243
SAMEA2466890	uhgg	refMet4	236	471	123	216	206
SAMEA2466891	uhgg	refMet4	216	464	127	205	192
SAMEA2466892	uhgg	refMet4	221	380	121	203	196
SAMEA2466893	uhgg	refMet4	190	404	115	182	167
SAMEA2466894	uhgg	refMet4	166	400	94	146	138
SAMEA2466895	uhgg	refMet4	192	427	101	172	161
SAMEA2466896	uhgg	refMet4	115	319	79	112	103
SAMEA2466897	uhgg	refMet4	265	432	128	234	231
SAMEA2466898	uhgg	refMet4	255	426	123	226	226
SAMEA2466899	uhgg	refMet4	268	466	125	238	226
SAMEA2466900	uhgg	refMet4	149	287	71	121	116
SAMEA2466901	uhgg	refMet4	215	358	115	191	189
SAMEA2466902	uhgg	refMet4	142	404	82	131	128
SAMEA2466903	uhgg	refMet4	265	493	118	226	223
SAMEA2466904	uhgg	refMet4	237	451	134	203	204
SAMEA2466905	uhgg	refMet4	196	446	116	176	167
SAMEA2466906	uhgg	refMet4	275	470	136	260	244
SAMEA2466907	uhgg	refMet4	116	314	81	108	100
SAMEA2466908	uhgg	refMet4	271	450	140	252	238
SAMEA2466910	uhgg	refMet4	220	445	109	200	192
SAMEA2466911	uhgg	refMet4	328	489	161	284	283
SAMEA2466912	uhgg	refMet4	150	335	91	133	125
SAMEA2466913	uhgg	refMet4	262	467	124	229	229
SAMEA2466914	uhgg	refMet4	214	372	114	195	179
SAMEA2466915	uhgg	refMet4	212	298	112	190	179
SAMEA2466916	uhgg	refMet4	154	398	97	155	140
SAMEA2466917	uhgg	refMet4	69	241	46	58	57
SAMEA2466918	uhgg	refMet4	226	391	110	201	191
SAMEA2466920	uhgg	refMet4	91	309	67	82	76
SAMEA2466921	uhgg	refMet4	221	404	118	203	192
SAMEA2466922	uhgg	refMet4	161	289	70	140	137
SAMEA2466923	uhgg	refMet4	110	329	79	100	92
SAMEA2466924	uhgg	refMet4	137	327	76	126	122
SAMEA2466925	uhgg	refMet4	318	525	146	285	281
SAMEA2466926	uhgg	refMet4	182	363	129	154	142
SAMEA2466927	uhgg	refMet4	236	464	131	220	207
SAMEA2466928	uhgg	refMet4	159	341	92	145	140
SAMEA2466930	uhgg	refMet4	277	479	150	243	241
SAMEA2466931	uhgg	refMet4	199	418	100	176	175
SAMEA2466932	uhgg	refMet4	297	515	138	272	267
SAMEA2466933	uhgg	refMet4	156	352	113	142	133
SAMEA2466934	uhgg	refMet4	278	505	137	248	237
SAMEA2466935	uhgg	refMet4	180	400	101	150	152
SAMEA2466936	uhgg	refMet4	149	349	87	134	125
SAMEA2466937	uhgg	refMet4	227	475	110	204	198
SAMEA2466938	uhgg	refMet4	256	437	140	216	210
SAMEA2466939	uhgg	refMet4	260	458	98	221	213
SAMEA2466940	uhgg	refMet4	247	454	136	217	213
SAMEA2466941	uhgg	refMet4	161	411	116	156	144
SAMEA2466942	uhgg	refMet4	321	513	148	288	275
SAMEA2466943	uhgg	refMet4	323	470	150	280	274
SAMEA2466944	uhgg	refMet4	176	386	105	147	142
SAMEA2466945	uhgg	refMet4	265	477	133	231	228
SAMEA2466946	uhgg	refMet4	166	401	95	153	148
SAMEA2466947	uhgg	refMet4	232	440	120	209	202
SAMEA2466948	uhgg	refMet4	190	425	98	169	150
SAMEA2466949	uhgg	refMet4	254	433	123	219	223
SAMEA2466950	uhgg	refMet4	232	408	118	211	208
SAMEA2466951	uhgg	refMet4	321	516	163	296	290
SAMEA2466952	uhgg	refMet4	184	397	90	169	155
SAMEA2466953	uhgg	refMet4	279	437	128	251	246
SAMEA2466954	uhgg	refMet4	141	336	81	126	120
SAMEA2466955	uhgg	refMet4	284	482	132	249	236
SAMEA2466956	uhgg	refMet4	155	338	82	128	130
SAMEA2466957	uhgg	refMet4	231	420	122	200	197
SAMEA2466958	uhgg	refMet4	159	354	101	134	130
SAMEA2466959	uhgg	refMet4	302	478	148	280	260
SAMEA2466960	uhgg	refMet4	166	335	94	159	147
SAMEA2466961	uhgg	refMet4	203	410	117	190	174
SAMEA2466962	uhgg	refMet4	265	479	127	238	227
SAMEA2466963	uhgg	refMet4	266	517	137	246	239
SAMEA2466964	uhgg	refMet4	285	509	120	252	249
SAMEA2466965	uhgg	refMet4	228	475	115	200	188
SAMEA2466966	uhgg	refMet4	165	405	89	141	132
SAMEA2466967	uhgg	refMet4	266	445	122	236	235
SAMEA2466968	uhgg	refMet4	211	385	96	167	164
SAMEA2466969	uhgg	refMet4	195	373	99	179	169
SAMEA2466970	uhgg	refMet4	171	392	92	150	144
SAMEA2466971	uhgg	refMet4	328	441	148	294	292
SAMEA2466972	uhgg	refMet4	312	483	156	266	256
SAMEA2466973	uhgg	refMet4	289	433	119	236	234
SAMEA2466974	uhgg	refMet4	274	453	129	240	225
SAMEA2466975	uhgg	refMet4	202	412	121	177	173
SAMEA2466976	uhgg	refMet4	265	491	135	241	240
SAMEA2466977	uhgg	refMet4	249	450	119	225	217
SAMEA2466979	uhgg	refMet4	239	420	120	212	193
SAMEA2466980	uhgg	refMet4	150	388	91	126	119
SAMEA2466981	uhgg	refMet4	148	386	91	129	119
SAMEA2466983	uhgg	refMet4	233	426	112	221	208
SAMEA2466984	uhgg	refMet4	333	477	169	303	285
SAMEA2466986	uhgg	refMet4	290	509	140	254	243
SAMEA2466987	uhgg	refMet4	128	286	70	111	103
SAMEA2466988	uhgg	refMet4	302	525	124	267	253
SAMEA2466989	uhgg	refMet4	227	400	104	187	182
SAMEA2466991	uhgg	refMet4	244	448	124	225	214
SAMEA2466992	uhgg	refMet4	267	460	126	238	227
SAMEA2466993	uhgg	refMet4	291	492	130	257	251
SAMEA2466995	uhgg	refMet4	259	470	126	221	215
SAMEA2466996	uhgg	refMet4	317	533	157	280	276
SAMEA2466997	uhgg	refMet4	165	413	84	156	150
SAMEA2466998	uhgg	refMet4	118	313	83	107	104
SAMEA2466999	uhgg	refMet4	150	420	91	146	134
SAMEA2467001	uhgg	refMet4	103	300	82	95	88
SAMEA2467002	uhgg	refMet4	158	358	76	139	126
SAMEA2467003	uhgg	refMet4	177	400	111	161	153
SAMEA2467004	uhgg	refMet4	215	413	116	176	178
SAMEA2467006	uhgg	refMet4	334	474	151	303	300
SAMEA2467008	uhgg	refMet4	220	408	124	196	181
SAMEA2467009	uhgg	refMet4	58	207	50	55	53
SAMEA2467010	uhgg	refMet4	195	332	109	182	168
SAMEA2467011	uhgg	refMet4	114	372	77	106	93
SAMEA2467012	uhgg	refMet4	263	489	116	226	216
SAMEA2467013	uhgg	refMet4	264	423	132	229	226
SAMEA2467014	uhgg	refMet4	202	385	99	172	168
SAMEA2467015	uhgg	refMet4	215	417	117	195	193
SAMEA2467016	uhgg	refMet4	244	423	126	210	200
SAMEA2467017	uhgg	refMet4	260	443	141	239	224
SAMEA2467018	uhgg	refMet4	155	389	96	140	139
SAMEA2467019	uhgg	refMet4	294	495	133	252	247
SAMEA2467020	uhgg	refMet4	319	457	143	277	278
SAMEA2467021	uhgg	refMet4	286	476	134	252	246
SAMEA2467022	uhgg	refMet4	281	429	129	243	232
SAMEA2467023	uhgg	refMet4	114	347	78	105	97
SAMEA2467024	uhgg	refMet4	260	455	110	236	221
SAMEA2467025	uhgg	refMet4	238	483	122	205	203
SAMEA2467026	uhgg	refMet4	225	471	130	193	190
SAMEA2467027	uhgg	refMet4	309	477	132	279	270
SAMEA2467028	uhgg	refMet4	222	409	119	200	191
SAMEA2467029	uhgg	refMet4	346	522	138	304	294
SAMEA2467030	uhgg	refMet4	237	406	119	215	214
SAMEA2467031	uhgg	refMet4	304	497	126	271	274
SAMEA2467032	uhgg	refMet4	76	255	56	65	61
SAMEA2467033	uhgg	refMet4	154	365	114	150	141
SAMEA2467034	uhgg	refMet4	320	453	136	280	274
SAMEA2467035	uhgg	refMet4	347	524	153	309	302
SAMEA2467036	uhgg	refMet4	263	510	142	252	242
SAMEA2467037	uhgg	refMet4	188	412	97	165	159
SAMEA2467038	uhgg	refMet4	84	328	61	77	76
SAMEA2467039	uhgg	refMet4	270	467	118	252	240
SAMEA2467040	uhgg	refMet4	168	385	88	147	139
SAMEA2467041	uhgg	refMet4	212	431	112	190	178
SAMEA2467042	uhgg	refMet4	223	453	127	190	185
SAMEA2467043	uhgg	refMet4	141	383	80	130	123
SAMEA2467044	uhgg	refMet4	271	435	116	235	230
SAMEA2467045	uhgg	refMet4	180	392	102	164	156
SAMEA2467046	uhgg	refMet4	308	491	147	271	259
SAMEA2467047	uhgg	refMet4	107	312	66	97	98
SAMEA2467048	uhgg	refMet4	180	384	111	164	150
SAMEA2467049	uhgg	refMet4	234	444	102	205	195
SAMEA2467050	uhgg	refMet4	279	496	128	243	241
SAMEA2467051	uhgg	refMet4	165	428	87	148	138
SAMEA2467052	uhgg	refMet4	201	425	84	177	175
SAMEA2467053	uhgg	refMet4	188	369	95	158	150
SAMEA2467054	uhgg	refMet4	284	504	132	255	246
SAMEA2467055	uhgg	refMet4	345	544	145	300	303
SAMEA2467056	uhgg	refMet4	165	421	98	159	147
SAMEA2467057	uhgg	refMet4	162	343	82	156	145
SAMEA2467058	uhgg	refMet4	189	399	91	170	154
SAMEA2467059	uhgg	refMet4	92	326	68	85	81
SAMEA2467060	uhgg	refMet4	206	370	100	192	180
SAMEA2467061	uhgg	refMet4	306	485	127	282	260
SAMEA2467062	uhgg	refMet4	238	418	120	208	196
SAMEA2467063	uhgg	refMet4	203	436	108	173	171
SAMEA2467064	uhgg	refMet4	191	451	116	173	163
SAMEA2467065	uhgg	refMet4	233	435	108	219	204
SAMEA2467066	uhgg	refMet4	217	406	116	197	180
SAMEA2467067	uhgg	refMet4	273	441	140	239	222
SAMEA2467068	uhgg	refMet4	88	324	65	85	80
SAMEA2467069	uhgg	refMet4	185	332	82	154	147
SAMEA2467070	uhgg	refMet4	170	386	92	155	144
SAMEA2467071	uhgg	refMet4	175	389	99	151	145
SAMEA2467072	uhgg	refMet4	235	419	105	208	202
SAMEA2467073	uhgg	refMet4	273	478	138	237	236
SAMEA2467074	uhgg	refMet4	302	461	116	261	259
SAMEA2467075	uhgg	refMet4	234	460	100	212	204
SAMEA2467076	uhgg	refMet4	242	487	141	223	217
SAMEA2467077	uhgg	refMet4	232	477	114	209	194
SAMEA2467078	uhgg	refMet4	306	489	137	268	254
SAMEA2467079	uhgg	refMet4	136	305	71	118	109
SAMEA2467080	uhgg	refMet4	225	481	105	185	182
SAMEA2467081	uhgg	refMet4	172	423	94	154	158
SAMEA2467082	uhgg	refMet4	99	293	59	101	84
SAMEA2467083	uhgg	refMet4	203	453	100	172	173
SAMEA2467084	uhgg	refMet4	144	337	93	133	128
SAMEA2467085	uhgg	refMet4	134	341	78	116	113
SAMEA3136623	uhgg	refMet4	123	357	67	113	104
SAMEA3136624	uhgg	refMet4	165	338	104	149	140
SAMEA3136625	uhgg	refMet4	240	398	119	210	195
SAMEA3136626	uhgg	refMet4	106	271	65	87	87
SAMEA3136627	uhgg	refMet4	278	506	146	236	243
SAMEA3136628	uhgg	refMet4	158	355	88	144	126
SAMEA3136629	uhgg	refMet4	254	474	135	220	213
SAMEA3136630	uhgg	refMet4	282	483	112	262	250
SAMEA3136631	uhgg	refMet4	162	378	83	141	138
SAMEA3136632	uhgg	refMet4	274	451	121	249	236
SAMEA3136633	uhgg	refMet4	64	264	53	62	55
SAMEA3136634	uhgg	refMet4	276	425	115	242	233
SAMEA3136635	uhgg	refMet4	87	268	65	79	70
SAMEA3136636	uhgg	refMet4	83	275	56	73	64
SAMEA3136637	uhgg	refMet4	176	395	96	163	153
SAMEA3136638	uhgg	refMet4	189	367	109	166	162
SAMEA3136639	uhgg	refMet4	89	250	69	76	74
SAMEA3136640	uhgg	refMet4	150	333	76	135	123
SAMEA3136641	uhgg	refMet4	252	477	118	225	221
SAMEA3136642	uhgg	refMet4	313	503	120	272	264
SAMEA3136643	uhgg	refMet4	125	327	89	115	106
SAMEA3136644	uhgg	refMet4	324	496	149	301	294
SAMEA3136645	uhgg	refMet4	254	473	125	232	215
SAMEA3136646	uhgg	refMet4	158	305	102	129	125
SAMEA3136648	uhgg	refMet4	229	452	114	205	197
SAMEA3136649	uhgg	refMet4	49	256	39	42	39
SAMEA3136650	uhgg	refMet4	88	265	49	69	66
SAMEA3136651	uhgg	refMet4	206	385	104	180	175
SAMEA3136652	uhgg	refMet4	226	429	103	199	181
SAMEA3136653	uhgg	refMet4	167	387	110	144	145
SAMEA3136654	uhgg	refMet4	274	488	138	237	232
SAMEA3136655	uhgg	refMet4	112	321	91	98	92
SAMEA3136656	uhgg	refMet4	156	339	108	140	132
SAMEA3136657	uhgg	refMet4	102	339	59	95	83
SAMEA3136658	uhgg	refMet4	336	499	154	297	295
SAMEA3136659	uhgg	refMet4	248	443	113	232	208
SAMEA3136660	uhgg	refMet4	114	314	76	102	96
SAMEA3136661	uhgg	refMet4	82	287	62	74	65
SAMEA3136662	uhgg	refMet4	134	350	80	130	115
SAMEA3136663	uhgg	refMet4	172	407	98	151	150
SAMEA3136664	uhgg	refMet4	169	391	98	159	152
SAMEA3136665	uhgg	refMet4	108	251	84	94	88
SAMEA3136666	uhgg	refMet4	204	404	109	176	161
SAMEA3136667	uhgg	refMet4	245	422	116	209	213
SAMEA3136668	uhgg	refMet4	104	314	75	90	90
SAMEA3136669	uhgg	refMet4	182	370	104	169	161
SAMEA3136670	uhgg	refMet4	201	398	93	175	163
SAMEA3136671	uhgg	refMet4	219	427	110	198	187
SAMEA3136672	uhgg	refMet4	192	383	102	173	164
SAMEA3136673	uhgg	refMet4	173	360	84	147	145
SAMEA3136674	uhgg	refMet4	127	313	68	119	106
SAMEA3136675	uhgg	refMet4	287	468	126	252	243
SAMEA3136676	uhgg	refMet4	290	469	127	254	242
SAMEA3136677	uhgg	refMet4	48	232	22	40	29
SAMEA3136678	uhgg	refMet4	200	408	105	170	168
SAMEA3136679	uhgg	refMet4	100	300	66	88	79
SAMEA3136680	uhgg	refMet4	263	421	151	225	211
SAMEA3136681	uhgg	refMet4	37	187	26	28	25
SAMEA3136682	uhgg	refMet4	165	387	89	141	133
SAMEA3136683	uhgg	refMet4	240	466	101	222	214
SAMEA3136684	uhgg	refMet4	304	538	147	273	265
SAMEA3136685	uhgg	refMet4	240	436	112	218	207
SAMEA3136686	uhgg	refMet4	115	326	77	101	96
SAMEA3136687	uhgg	refMet4	126	353	75	112	106
SAMEA3136688	uhgg	refMet4	216	445	112	186	179
SAMEA3136689	uhgg	refMet4	273	513	130	234	235
SAMEA3136690	uhgg	refMet4	46	301	26	41	32
SAMEA3136691	uhgg	refMet4	141	337	71	121	121
SAMEA3136692	uhgg	refMet4	96	302	58	80	76
SAMEA3136693	uhgg	refMet4	122	309	77	106	100
SAMEA3136694	uhgg	refMet4	256	459	125	222	217
SAMEA3136695	uhgg	refMet4	257	419	114	215	210
SAMEA3136696	uhgg	refMet4	263	447	110	230	212
SAMEA3136697	uhgg	refMet4	190	435	103	166	158
SAMEA3136698	uhgg	refMet4	310	440	130	265	250
SAMEA3136699	uhgg	refMet4	334	552	131	305	296
SAMEA3136700	uhgg	refMet4	325	491	133	274	272
SAMEA3136701	uhgg	refMet4	207	469	104	190	175
SAMEA3136702	uhgg	refMet4	55	257	43	50	47
SAMEA3136703	uhgg	refMet4	208	377	114	177	180
SAMEA3136704	uhgg	refMet4	183	384	105	167	155
SAMEA3136705	uhgg	refMet4	252	491	114	230	219
SAMEA3136706	uhgg	refMet4	154	339	98	131	122
SAMEA3136707	uhgg	refMet4	267	513	109	242	229
SAMEA3136708	uhgg	refMet4	85	272	58	82	76
SAMEA3136709	uhgg	refMet4	241	466	122	212	196
SAMEA3136710	uhgg	refMet4	64	289	46	58	55
SAMEA3136711	uhgg	refMet4	103	287	60	95	90
SAMEA3136712	uhgg	refMet4	100	293	55	86	79
SAMEA3136713	uhgg	refMet4	279	485	131	244	238
SAMEA3136714	uhgg	refMet4	148	317	76	128	125
SAMEA3136715	uhgg	refMet4	175	350	92	153	135
SAMEA3136716	uhgg	refMet4	235	394	120	209	208
SAMEA3136717	uhgg	refMet4	187	401	107	176	165
SAMEA3136718	uhgg	refMet4	329	537	141	296	291
SAMEA3136719	uhgg	refMet4	181	359	88	160	148
SAMEA3136720	uhgg	refMet4	100	268	67	94	79
SAMEA3136721	uhgg	refMet4	251	364	113	221	213
SAMEA3136722	uhgg	refMet4	96	270	56	86	76
SAMEA3136723	uhgg	refMet4	265	450	126	226	213
SAMEA3136724	uhgg	refMet4	149	383	101	135	128
SAMEA3136725	uhgg	refMet4	283	489	137	253	246
SAMEA3136726	uhgg	refMet4	316	457	149	270	256
SAMEA3136727	uhgg	refMet4	293	513	145	265	253
SAMEA3136728	uhgg	refMet4	255	384	110	209	210
SAMEA3136729	uhgg	refMet4	314	526	134	282	277
SAMEA3136730	uhgg	refMet4	151	385	107	138	123
SAMEA3136731	uhgg	refMet4	225	426	101	186	181
SAMEA3136732	uhgg	refMet4	254	475	115	213	214
SAMEA3136733	uhgg	refMet4	161	387	105	143	134
SAMEA3136734	uhgg	refMet4	356	498	184	294	277
SAMEA3136735	uhgg	refMet4	151	298	79	134	113
SAMEA3136736	uhgg	refMet4	178	413	91	149	145
SAMEA3136737	uhgg	refMet4	162	366	90	133	119
SAMEA3136738	uhgg	refMet4	339	459	139	307	293
SAMEA3136739	uhgg	refMet4	196	435	118	182	168
SAMEA3136740	uhgg	refMet4	238	422	125	209	201
SAMEA3136741	uhgg	refMet4	236	443	126	193	187
SAMEA3136742	uhgg	refMet4	195	422	117	170	162
SAMEA3136743	uhgg	refMet4	313	530	133	275	273
SAMEA3136744	uhgg	refMet4	146	304	88	126	125
SAMEA3136745	uhgg	refMet4	174	274	87	143	135
SAMEA3136746	uhgg	refMet4	325	544	150	271	265
SAMEA3136747	uhgg	refMet4	148	317	74	126	116
SAMEA3136748	uhgg	refMet4	145	342	99	128	126
SAMEA3136749	uhgg	refMet4	235	399	106	198	199
SAMEA3136750	uhgg	refMet4	119	316	65	106	96
SAMEA3136751	uhgg	refMet4	305	495	120	271	261
SAMEA3136752	uhgg	refMet4	291	496	138	259	245
SAMEA3136753	uhgg	refMet4	240	374	119	216	201
SAMEA3136754	uhgg	refMet4	270	507	113	242	228
SAMEA3136755	uhgg	refMet4	291	459	136	253	245
SAMEA3136756	uhgg	refMet4	264	438	107	234	210
SAMEA3136757	uhgg	refMet4	285	435	143	251	240
SAMEA3136758	uhgg	refMet4	86	262	67	74	64
SAMEA3136759	uhgg	refMet4	314	483	137	270	267
SAMEA3136760	uhgg	refMet4	294	521	139	269	258
SAMEA3136761	uhgg	refMet4	212	429	139	198	188
SAMEA3136762	uhgg	refMet4	185	373	96	150	149
SAMEA3136763	uhgg	refMet4	213	424	138	186	176
SAMEA3136764	uhgg	refMet4	172	386	82	156	146
SAMEA3136765	uhgg	refMet4	173	332	118	145	133
SAMEA3136766	uhgg	refMet4	165	366	94	141	126
SAMEA3136767	uhgg	refMet4	250	402	110	210	198
SAMEA3136768	uhgg	refMet4	105	211	70	81	71
SAMEA3136769	uhgg	refMet4	107	299	73	88	80
SAMEA3178936	uhgg	refMet4	114	314	76	113	107
SAMEA3178937	uhgg	refMet4	276	471	119	249	248
SAMEA3178938	uhgg	refMet4	229	419	133	207	191
SAMEA3178939	uhgg	refMet4	243	449	126	207	201
SAMEA3178940	uhgg	refMet4	110	333	78	102	95
SAMEA3178941	uhgg	refMet4	190	472	104	170	166
SAMEA3178942	uhgg	refMet4	152	427	86	144	134
SAMEA3178943	uhgg	refMet4	322	533	146	290	281
SAMEA3178944	uhgg	refMet4	236	451	106	204	210
